{
    "accuracy": 0.9553679131483716,
    "precision": 0.9130434782608695,
    "recall": 0.7433628318584071
}
