{
    "accuracy": 0.9456322541233965,
    "precision": 0.841025641025641,
    "recall": 0.7387387387387387,
    "auc": 0.946350237162958
}